iso_code,continent,location,date,new_deaths,total_deaths,stringency_index,population,population_density,total_vaccinations,people_vaccinated,people_fully_vaccinated,median_age,gdp_per_capita,hospital_beds_per_thousand,human_development_index,continent_rearranged,percentage_fully_vaccinated
AFG,Asia,Afghanistan,2021-08-17,6.0,7031.0,22.22,39835428.0,54.422,1171064.0,742934.0,219159.0,18.6,1803.987,0.5,0.511,Asia & Oceania,0.01865008203250634
ALB,Europe,Albania,2021-08-17,2.0,2468.0,37.96,2872934.0,104.871,1340339.0,764997.0,575342.0,38.0,11803.431,2.89,0.795,Europe,0.26627726219954934
DZA,Africa,Algeria,2021-08-17,37.0,4867.0,49.07,44616626.0,17.348,75000.0,75000.0,0.0,29.1,13913.839,1.9,0.748,Africa,0.001680987710724697
ATG,North America,Antigua and Barbuda,2021-08-17,0.0,43.0,0.0,98728.0,231.845,71434.0,39186.0,32248.0,32.1,21490.943,3.8,0.778,America,0.3969086783891095
ARG,South America,Argentina,2021-08-17,300.0,109405.0,75.93,45605823.0,16.177,36941932.0,26684756.0,10257176.0,31.9,18933.907,5.0,0.845,America,0.5851172996044826
ARM,Asia,Armenia,2021-08-17,11.0,4713.0,0.0,2968128.0,102.931,220236.0,144573.0,75663.0,35.7,8787.58,4.2,0.776,Asia & Oceania,0.04870847887961705
AUS,Oceania,Australia,2021-08-17,3.0,970.0,71.76,25788217.0,3.202,15867284.0,10195842.0,5671442.0,37.9,44648.71,3.84,0.944,Asia & Oceania,0.3953682412397879
AUT,Europe,Austria,2021-08-17,0.0,10757.0,56.02,9043072.0,106.749,10278606.0,5428110.0,5078751.0,44.4,45436.686,7.37,0.922,Europe,0.600250667029965
AZE,Asia,Azerbaijan,2021-08-17,18.0,5188.0,61.11,10223344.0,119.309,5866215.0,3473806.0,2392409.0,32.4,15847.419,4.7,0.756,Asia & Oceania,0.3397915593958298
BHS,North America,Bahamas,2021-08-17,0.0,313.0,55.56,396914.0,39.497,110443.0,62863.0,47580.0,34.3,27717.847,2.9,0.814,America,0.15837939704822707
BHR,Asia,Bahrain,2021-08-17,0.0,1384.0,39.35,1748295.0,1935.907,2434005.0,1128205.0,1073383.0,32.4,43290.705,2.0,0.852,Asia & Oceania,0.6453172948501255
BGD,Asia,Bangladesh,2021-08-17,198.0,24547.0,60.19,166303494.0,1265.036,21432342.0,15742198.0,5690144.0,27.5,3523.984,0.8,0.632,Asia & Oceania,0.09465945435878816
BRB,North America,Barbados,2021-08-17,0.0,48.0,50.0,287708.0,664.463,188324.0,101228.0,87096.0,39.8,16978.068,5.8,0.814,America,0.35184284065788923
BLR,Europe,Belarus,2021-08-17,12.0,3625.0,39.81,9442867.0,46.858,2684863.0,1496227.0,1188636.0,40.3,17167.967,11.0,0.823,Europe,0.15845050025590746
BEL,Europe,Belgium,2021-08-17,0.0,25299.0,47.22,11632334.0,375.564,15763358.0,8342937.0,7770760.0,41.8,42658.576,5.64,0.931,Europe,0.717219519315728
BLZ,North America,Belize,2021-08-17,3.0,347.0,66.67,404915.0,16.426,212380.0,150181.0,62199.0,25.0,7824.362,1.3,0.716,America,0.3708951261375844
BEN,Africa,Benin,2021-08-17,0.0,113.0,37.04,12451031.0,99.11,72999.0,50751.0,21405.0,18.8,2064.236,0.5,0.545,Africa,0.004076047999559233
BTN,Asia,Bhutan,2021-08-17,0.0,3.0,72.22,779900.0,21.188,1035510.0,560963.0,474547.0,28.6,8708.597,1.7,0.654,Asia & Oceania,0.7192755481471984
BOL,South America,Bolivia,2021-08-17,37.0,18222.0,56.48,11832936.0,10.202,5096306.0,3000981.0,2095325.0,25.4,6885.829,1.1,0.718,America,0.2536125438352747
BIH,Europe,Bosnia and Herzegovina,2021-08-17,5.0,9716.0,35.19,3263459.0,68.496,865306.0,537608.0,327698.0,42.5,11713.895,3.5,0.78,Europe,0.16473563786154508
BWA,Africa,Botswana,2021-08-17,0.0,2043.0,73.15,2397240.0,4.044,408023.0,246501.0,161522.0,25.8,15807.374,1.8,0.735,Africa,0.10282700105120889
BRA,South America,Brazil,2021-08-17,1106.0,570598.0,51.39,213993441.0,25.04,169753003.0,122541955.0,51771235.0,33.5,14103.452,2.2,0.765,America,0.5726435091998918
BRN,Asia,Brunei,2021-08-17,0.0,3.0,79.63,441532.0,81.347,230324.0,171283.0,59041.0,32.4,71809.251,2.7,0.838,Asia & Oceania,0.3879288477392352
BGR,Europe,Bulgaria,2021-08-17,19.0,18395.0,20.37,6896655.0,65.18,2176168.0,1089066.0,1087102.0,44.7,18563.307,7.454,0.816,Europe,0.15791220526472616
BFA,Africa,Burkina Faso,2021-08-17,0.0,170.0,13.89,21497097.0,70.151,71510.0,38405.0,0.0,17.6,1703.102,0.4,0.452,Africa,0.0017865202915537852
BDI,Africa,Burundi,2021-08-17,0.0,38.0,15.74,12255429.0,423.062,0.0,0.0,0.0,17.5,702.225,0.8,0.433,Africa,0.0
KHM,Asia,Cambodia,2021-08-17,14.0,1718.0,72.22,16946446.0,90.672,16284464.0,9157245.0,7479110.0,25.6,3645.07,0.8,0.594,Asia & Oceania,0.5403637435247485
CMR,Africa,Cameroon,2021-08-17,0.0,1338.0,27.78,27224262.0,50.885,395212.0,327127.0,68085.0,18.8,3364.926,1.3,0.563,Africa,0.012016009837107797
CAN,North America,Canada,2021-08-17,15.0,26720.0,60.65,38067913.0,4.037,51999284.0,27533012.0,24453961.0,41.4,44017.591,2.5,0.929,America,0.7232603478945642
CPV,Africa,Cape Verde,2021-08-17,0.0,300.0,59.26,561901.0,135.58,236976.0,198982.0,37994.0,25.7,6222.554,2.1,0.665,Africa,0.35412287929724273
CAF,Africa,Central African Republic,2021-08-17,0.0,99.0,24.07,4919987.0,7.479,95862.0,42644.0,0.0,18.3,661.24,1.0,0.397,Africa,0.00866750257673445
CHL,South America,Chile,2021-08-17,18.0,36438.0,63.43,19212362.0,24.282,27460756.0,14291027.0,13085611.0,35.4,22767.037,2.11,0.851,America,0.743845394959766
CHN,Asia,China,2021-08-17,0.0,4636.0,76.39,1444216102.0,147.674,1887273000.0,622000000.0,777046000.0,38.7,15308.712,4.34,0.761,Asia & Oceania,0.430683468449516
COL,South America,Colombia,2021-08-17,108.0,123688.0,51.39,51265841.0,44.223,32192874.0,20978540.0,13880688.0,32.2,13254.949,1.71,0.767,America,0.4092108817643311
COM,Africa,Comoros,2021-08-17,0.0,147.0,0.0,888456.0,437.352,216123.0,174765.0,41358.0,20.4,1413.89,2.2,0.554,Africa,0.19670642102704017
CRI,North America,Costa Rica,2021-08-17,14.0,5269.0,54.63,5139053.0,96.079,3848155.0,2948584.0,899571.0,33.6,15524.995,1.13,0.81,America,0.573760184999065
HRV,Europe,Croatia,2021-08-17,3.0,8288.0,33.8,4081657.0,73.726,3182592.0,1684554.0,1558636.0,44.0,22669.797,5.54,0.851,Europe,0.4127132681653554
CYP,Europe,Cyprus,2021-08-17,5.0,467.0,43.52,896005.0,127.657,1056083.0,558543.0,497540.0,37.3,32415.132,3.4,0.887,Europe,0.6233704052990776
CZE,Europe,Czechia,2021-08-17,1.0,30376.0,28.7,10724553.0,137.176,11073791.0,5855918.0,5395834.0,43.3,32605.906,6.63,0.9,Europe,0.5460290979027285
DNK,Europe,Denmark,2021-08-17,2.0,2564.0,38.89,5813302.0,136.52,8206273.0,4335138.0,3891848.0,42.3,46682.515,2.5,0.94,Europe,0.7457272992182412
DJI,Africa,Djibouti,2021-08-17,0.0,156.0,54.63,1002197.0,41.285,53064.0,32548.0,20516.0,25.4,2705.406,1.4,0.524,Africa,0.03247664880258073
DOM,North America,Dominican Republic,2021-08-17,0.0,3985.0,58.33,10953714.0,222.873,10697563.0,5683833.0,4480873.0,27.6,14600.861,1.6,0.756,America,0.5188955088657601
ECU,South America,Ecuador,2021-08-17,0.0,31870.0,65.74,17888474.0,66.939,16344434.0,10624503.0,5728292.0,28.1,10581.936,1.5,0.759,America,0.5939300915215014
EGY,Africa,Egypt,2021-08-17,5.0,16630.0,43.52,104258327.0,97.999,6477535.0,4319631.0,2157904.0,25.3,10550.206,1.6,0.707,Africa,0.04143199995910159
SLV,North America,El Salvador,2021-08-17,10.0,2804.0,32.41,6518500.0,307.811,5327451.0,3273631.0,2053820.0,27.6,7292.458,1.3,0.673,America,0.5022061824039273
GNQ,Africa,Equatorial Guinea,2021-08-17,0.0,123.0,0.0,1449891.0,45.194,325449.0,187837.0,137612.0,22.4,22604.873,2.1,0.592,Africa,0.12955249739463173
ERI,Africa,Eritrea,2021-08-17,0.0,37.0,50.93,3601462.0,44.304,0.0,0.0,0.0,19.3,1510.459,0.7,0.459,Africa,0.0
EST,Europe,Estonia,2021-08-17,0.0,1279.0,23.15,1325188.0,31.033,1217997.0,696815.0,606079.0,42.7,29481.252,4.69,0.892,Europe,0.5258235057969134
SWZ,Africa,Eswatini,2021-08-17,9.0,951.0,59.26,1172369.0,79.492,181290.0,96175.0,109596.0,21.5,7738.975,2.1,0.611,Africa,0.08203475185713713
ETH,Africa,Ethiopia,2021-08-17,6.0,4495.0,43.52,117876226.0,104.957,2326531.0,2326531.0,0.0,19.8,1729.927,0.3,0.485,Africa,0.019737067252220988
FJI,Oceania,Fiji,2021-08-17,11.0,405.0,86.11,902899.0,49.562,745201.0,533705.0,211496.0,28.6,8702.975,2.3,0.743,Asia & Oceania,0.5911015517793241
FIN,Europe,Finland,2021-08-17,3.0,1006.0,38.43,5548361.0,18.136,6247233.0,3859628.0,2387605.0,42.8,40585.721,3.28,0.938,Europe,0.6956338998129358
FRA,Europe,France,2021-08-17,124.0,113179.0,66.67,67564251.0,122.578,82214210.0,46890004.0,36177455.0,42.0,38605.671,5.98,0.901,Europe,0.6940061246294287
GAB,Africa,Gabon,2021-08-17,0.0,165.0,67.59,2278829.0,7.859,120627.0,71867.0,48760.0,23.1,16562.413,6.3,0.703,Africa,0.03153681123068032
GMB,Africa,Gambia,2021-08-17,0.0,271.0,43.06,2486937.0,207.566,43557.0,31254.0,12303.0,17.5,1561.767,1.1,0.496,Africa,0.012567266480815558
GEO,Asia,Georgia,2021-08-17,47.0,6483.0,50.93,3979773.0,65.032,831815.0,586608.0,245207.0,38.7,9745.079,2.6,0.812,Asia & Oceania,0.14739735155748832
DEU,Europe,Germany,2021-08-17,22.0,91927.0,59.26,83900471.0,237.016,98713003.0,53060478.0,48303330.0,46.6,45229.245,8.0,0.947,Europe,0.6324216940331598
GHA,Africa,Ghana,2021-08-17,0.0,930.0,44.44,31732128.0,126.719,1271393.0,865422.0,405971.0,21.1,4227.63,0.9,0.611,Africa,0.02727273758633521
GRC,Europe,Greece,2021-08-17,16.0,13253.0,71.76,10370747.0,83.479,11047575.0,5861691.0,5544272.0,45.3,24574.382,4.21,0.888,Europe,0.5652139619257899
GRD,North America,Grenada,2021-08-17,0.0,1.0,0.0,113015.0,317.132,39121.0,21963.0,17158.0,29.4,13593.877,3.7,0.779,America,0.19433703490687076
GTM,North America,Guatemala,2021-08-17,30.0,11219.0,52.78,18249868.0,157.834,3423977.0,2809079.0,614898.0,22.9,7423.808,0.6,0.663,America,0.1539232502941939
GIN,Africa,Guinea,2021-08-17,1.0,293.0,67.59,13497237.0,51.755,970933.0,625166.0,345767.0,19.0,1998.926,0.3,0.477,Africa,0.04631807235806854
GUY,South America,Guyana,2021-08-17,4.0,582.0,56.48,790329.0,3.952,434965.0,287837.0,147128.0,26.3,7435.047,1.6,0.682,America,0.36419896017987446
HTI,North America,Haiti,2021-08-17,0.0,576.0,55.56,11541683.0,398.448,21151.0,20948.0,544.0,24.3,1653.173,0.7,0.51,America,0.0018149866011741961
HND,North America,Honduras,2021-08-17,56.0,8496.0,76.85,10062994.0,82.805,2146403.0,1813072.0,333273.0,24.9,4541.795,0.7,0.634,America,0.1801722230978176
HUN,Europe,Hungary,2021-08-17,1.0,30042.0,27.78,9634162.0,108.043,9249943.0,5687634.0,5501199.0,43.4,26777.561,7.02,0.854,Europe,0.5903610506030519
ISL,Europe,Iceland,2021-08-17,0.0,30.0,32.41,343360.0,3.404,477205.0,275173.0,255322.0,37.3,46482.958,2.91,0.949,Europe,0.8014125116495806
IND,Asia,India,2021-08-17,440.0,432519.0,70.83,1393409033.0,450.419,556520316.0,433454974.0,123065342.0,28.2,6426.674,0.53,0.645,Asia & Oceania,0.3110751859177879
IDN,Asia,Indonesia,2021-08-17,1180.0,120013.0,71.76,276361788.0,145.725,84141599.0,54982550.0,29159049.0,29.3,11188.744,1.04,0.718,Asia & Oceania,0.19895134706539097
IRN,Asia,Iran,2021-08-17,625.0,99108.0,74.54,85028760.0,49.831,19894523.0,15513459.0,4381064.0,32.4,19082.62,1.5,0.783,Asia & Oceania,0.1824495500110786
IRQ,Asia,Iraq,2021-08-17,75.0,19815.0,75.93,41179351.0,88.125,2102550.0,826007.0,494900.0,20.0,15663.986,1.4,0.674,Asia & Oceania,0.02005876683194934
IRL,Europe,Ireland,2021-08-17,0.0,5059.0,48.15,4982904.0,69.874,6530819.0,3573164.0,3187266.0,38.7,67335.293,2.96,0.955,Europe,0.7170846558553005
ISR,Asia,Israel,2021-08-17,17.0,6704.0,52.78,9291000.0,402.606,12450487.0,5874577.0,5438859.0,30.6,33132.32,2.99,0.919,Asia & Oceania,0.6322868367237111
ITA,Europe,Italy,2021-08-17,54.0,128510.0,55.56,60367471.0,205.859,74480773.0,41052929.0,34841340.0,47.9,35220.084,3.18,0.892,Europe,0.6800505026954003
JAM,North America,Jamaica,2021-08-17,9.0,1320.0,66.67,2973462.0,266.879,391076.0,256890.0,135115.0,31.4,8193.571,1.7,0.734,America,0.08639424347780467
JPN,Asia,Japan,2021-08-17,47.0,15484.0,50.46,126050796.0,347.778,113351510.0,63995377.0,49356133.0,48.2,39002.223,13.05,0.919,Asia & Oceania,0.5076951437894927
JOR,Asia,Jordan,2021-08-17,17.0,10239.0,57.41,10269022.0,109.285,5897072.0,3293871.0,2603201.0,23.2,8337.49,1.4,0.729,Asia & Oceania,0.32075800402414173
KAZ,Asia,Kazakhstan,2021-08-17,0.0,11725.0,57.41,18994958.0,6.681,10908584.0,6138795.0,4769789.0,30.6,24055.588,6.7,0.825,Asia & Oceania,0.32318023551302405
KEN,Africa,Kenya,2021-08-17,4.0,4354.0,56.94,54985702.0,87.324,2053717.0,1305850.0,747867.0,20.0,2993.028,1.4,0.601,Africa,0.02374890112342296
KIR,Oceania,Kiribati,2021-08-17,0.0,0.0,37.5,121388.0,143.701,13970.0,13970.0,0.0,23.2,1981.132,1.9,0.63,Asia & Oceania,0.11508551092364978
KWT,Asia,Kuwait,2021-08-17,2.0,2395.0,49.07,4328553.0,232.128,2668082.0,1452148.0,923307.0,33.7,65530.537,2.0,0.806,Asia & Oceania,0.3354811642597422
KGZ,Asia,Kyrgyzstan,2021-08-17,6.0,2457.0,57.41,6628347.0,32.333,911632.0,610622.0,299834.0,26.3,3393.474,4.5,0.697,Asia & Oceania,0.0921228173479753
LAO,Asia,Laos,2021-08-17,0.0,9.0,50.0,7379358.0,29.715,2050711.0,1828039.0,988156.0,24.4,6397.36,1.5,0.613,Asia & Oceania,0.24772331143169907
LVA,Europe,Latvia,2021-08-17,2.0,2565.0,41.67,1866934.0,31.212,1404933.0,784512.0,725888.0,43.9,25063.846,5.57,0.866,Europe,0.42021410505138374
LBN,Asia,Lebanon,2021-08-17,6.0,7988.0,65.74,6769151.0,594.561,2243764.0,1246189.0,997575.0,31.1,13367.565,2.9,0.744,Asia & Oceania,0.18409827170349724
LBR,Africa,Liberia,2021-08-17,24.0,245.0,37.96,5180208.0,49.127,82212.0,79670.0,2542.0,19.2,752.788,0.8,0.48,Africa,0.015379691317414282
LBY,Africa,Libya,2021-08-17,23.0,3956.0,72.22,6958538.0,3.623,764233.0,712033.0,0.0,29.0,17881.509,3.7,0.724,Africa,0.10232508610285666
LTU,Europe,Lithuania,2021-08-17,6.0,4458.0,29.63,2689862.0,45.135,2823741.0,1574634.0,1395765.0,43.5,29524.265,6.56,0.882,Europe,0.5853958307154791
LUX,Europe,Luxembourg,2021-08-17,0.0,828.0,37.96,634814.0,231.447,749220.0,400758.0,37860.0,39.7,94277.965,4.51,0.916,Europe,0.631299876814311
MDG,Africa,Madagascar,2021-08-17,0.0,954.0,53.7,28427333.0,43.951,197001.0,197001.0,0.0,19.6,1416.44,0.2,0.528,Africa,0.006929985306746855
MWI,Africa,Malawi,2021-08-17,15.0,1998.0,42.59,19647681.0,197.519,750138.0,585592.0,285505.0,18.1,1095.042,1.3,0.483,Africa,0.029804636995073363
MYS,Asia,Malaysia,2021-08-17,293.0,13077.0,77.31,32776195.0,96.254,29139939.0,17706433.0,11433594.0,29.9,26808.164,1.9,0.81,Asia & Oceania,0.5402223473469083
MLI,Africa,Mali,2021-08-17,0.0,535.0,48.15,20855724.0,15.196,259719.0,173242.0,86477.0,16.4,2014.306,0.1,0.434,Africa,0.0083066883700609
MLT,Europe,Malta,2021-08-17,2.0,433.0,43.52,516100.0,1454.037,787194.0,409095.0,406325.0,42.4,36513.323,4.485,0.895,Europe,0.7926661499709359
MUS,Africa,Mauritius,2021-08-17,0.0,22.0,49.07,1273428.0,622.962,1297090.0,720910.0,576180.0,37.4,20292.745,3.4,0.804,Africa,0.5661175975398688
MEX,North America,Mexico,2021-08-17,877.0,249529.0,67.13,130262220.0,66.444,77573466.0,54532420.0,29402096.0,29.3,17336.469,1.38,0.779,America,0.41863573336919946
MDA,Europe,Moldova,2021-08-17,7.0,6320.0,33.33,4024025.0,123.655,1089888.0,561055.0,528833.0,37.6,5189.972,5.8,0.75,Europe,0.13942632066152671
MNG,Asia,Mongolia,2021-08-17,4.0,884.0,59.26,3329282.0,1.98,4240587.0,2218058.0,2022529.0,28.6,11840.846,7.0,0.737,Asia & Oceania,0.666227132456788
MNE,Europe,Montenegro,2021-08-17,5.0,1651.0,0.0,628051.0,46.28,362335.0,196475.0,165860.0,39.1,16409.288,3.861,0.829,Europe,0.3128328750372183
MAR,Africa,Morocco,2021-08-17,123.0,11242.0,59.26,37344787.0,80.08,28721160.0,16740875.0,11980285.0,29.6,7485.013,1.1,0.686,Africa,0.44827876511921194
MOZ,Africa,Mozambique,2021-08-17,17.0,1748.0,48.15,32163045.0,37.728,1487560.0,916174.0,571386.0,17.7,1136.103,0.7,0.456,Africa,0.028485300443412617
MMR,Asia,Myanmar,2021-08-17,178.0,13623.0,66.2,54806014.0,81.721,3500000.0,1840758.0,1527284.0,29.1,5591.597,0.9,0.583,Asia & Oceania,0.033586788486387645
NPL,Asia,Nepal,2021-08-17,27.0,10354.0,70.37,29674920.0,204.43,8351529.0,4764856.0,3586673.0,25.0,2442.804,0.3,0.602,Asia & Oceania,0.1605684530910277
NLD,Europe,Netherlands,2021-08-17,7.0,18234.0,41.67,17173094.0,508.544,22402305.0,12439353.0,11276678.0,43.2,48472.545,3.32,0.944,Europe,0.7243513021008329
NZL,Oceania,New Zealand,2021-08-17,0.0,26.0,96.3,5122600.0,18.206,2614985.0,1659027.0,955958.0,37.9,36085.843,2.61,0.931,Asia & Oceania,0.32386424862374574
NIC,North America,Nicaragua,2021-08-17,0.0,197.0,2.78,6702379.0,51.667,580127.0,382519.0,197608.0,27.3,5321.444,0.9,0.66,America,0.05707212319685294
NER,Africa,Niger,2021-08-17,0.0,196.0,19.44,25130810.0,16.955,485954.0,401272.0,84682.0,15.1,926.0,0.3,0.394,Africa,0.015967332529273827
MKD,Europe,North Macedonia,2021-08-17,14.0,5574.0,0.0,2082661.0,82.6,1097855.0,612391.0,485464.0,39.1,13111.214,4.28,0.774,Europe,0.29404257341929385
NOR,Europe,Norway,2021-08-17,1.0,810.0,38.89,5465629.0,14.462,6101573.0,3788284.0,2313289.0,39.7,64800.057,3.6,0.957,Europe,0.6931103446648135
OMN,Asia,Oman,2021-08-17,8.0,4007.0,64.81,5223376.0,14.98,2951658.0,2155932.0,795726.0,30.7,37960.709,1.6,0.813,Asia & Oceania,0.41274685184447757
PAK,Asia,Pakistan,2021-08-17,66.0,24639.0,62.96,225199929.0,255.573,44322217.0,35564636.0,12658359.0,23.5,5034.708,0.6,0.557,Asia & Oceania,0.15792472119296272
PAN,North America,Panama,2021-08-17,8.0,6970.0,67.59,4381583.0,55.133,3583005.0,2572417.0,846049.0,29.7,22267.037,2.3,0.815,America,0.5870976311529418
PRY,South America,Paraguay,2021-08-17,18.0,15473.0,49.07,7219641.0,17.144,3770345.0,2282193.0,1488152.0,26.5,8827.01,1.3,0.728,America,0.3161089311781569
PER,South America,Peru,2021-08-17,146.0,197539.0,67.59,33359415.0,25.129,16704810.0,9428368.0,7276442.0,29.1,12236.706,1.6,0.777,America,0.2826298962376888
PHL,Asia,Philippines,2021-08-17,96.0,30462.0,74.54,111046910.0,351.873,28308493.0,18697647.0,12743082.0,25.2,7599.188,1.0,0.718,Asia & Oceania,0.1683761124015067
POL,Europe,Poland,2021-08-17,7.0,75306.0,38.89,37797000.0,124.027,35528975.0,18890548.0,18244397.0,41.8,27216.445,6.62,0.88,Europe,0.4997896129322433
PRT,Europe,Portugal,2021-08-17,11.0,17584.0,58.33,10167923.0,112.371,13793467.0,7901328.0,7208927.0,46.2,27936.896,3.39,0.864,Europe,0.777083776106487
QAT,Asia,Qatar,2021-08-17,0.0,601.0,50.0,2930524.0,227.322,4162791.0,2235625.0,1927166.0,31.9,116935.6,1.2,0.848,Asia & Oceania,0.7628755130481785
ROU,Europe,Romania,2021-08-17,6.0,34359.0,55.09,19127772.0,85.129,9613888.0,5137362.0,5012813.0,43.0,23313.199,6.892,0.828,Europe,0.26858130680353154
RUS,Europe,Russia,2021-08-17,785.0,169169.0,43.06,145912022.0,8.823,74000654.0,41108366.0,32892288.0,39.6,24765.954,8.05,0.824,Europe,0.2817339204579044
LCA,North America,Saint Lucia,2021-08-17,0.0,95.0,0.0,184401.0,293.187,60032.0,33702.0,26330.0,34.9,12951.839,1.3,0.759,America,0.18276473554915645
VCT,North America,Saint Vincent and the Grenadines,2021-08-17,0.0,12.0,0.0,111269.0,281.787,25833.0,15799.0,10034.0,31.8,10727.146,2.6,0.738,America,0.14198923329948143
STP,Africa,Sao Tome and Principe,2021-08-17,0.0,37.0,0.0,223364.0,212.841,43987.0,32114.0,11873.0,18.7,3052.714,2.9,0.625,Africa,0.14377428770974732
SAU,Asia,Saudi Arabia,2021-08-17,0.0,8419.0,50.0,35340680.0,15.322,32612078.0,21011882.0,11600196.0,31.9,49045.411,2.7,0.854,Asia & Oceania,0.5945522836572471
SRB,Europe,Serbia,2021-08-17,3.0,7177.0,36.11,6871547.0,80.291,5649434.0,2881963.0,2766182.0,41.2,14048.881,5.609,0.806,Europe,0.41940526638324677
SYC,Africa,Seychelles,2021-08-17,0.0,98.0,84.26,98910.0,208.354,143490.0,73777.0,69713.0,36.2,26382.287,3.6,0.796,Africa,0.745900313416237
SGP,Asia,Singapore,2021-08-17,1.0,45.0,47.22,5453600.0,7915.731,8547113.0,4507848.0,4169030.0,42.4,85535.383,2.4,0.938,Asia & Oceania,0.8265820742261992
SVK,Europe,Slovakia,2021-08-17,2.0,12546.0,34.72,5460726.0,113.128,4468959.0,2349980.0,2118979.0,41.2,30155.152,5.82,0.86,Europe,0.43034204609423726
SVN,Europe,Slovenia,2021-08-17,0.0,4433.0,35.19,2078723.0,102.619,1877811.0,986093.0,891718.0,44.5,31400.84,4.5,0.917,Europe,0.4743744115978897
SLB,Oceania,Solomon Islands,2021-08-17,0.0,0.0,38.89,703995.0,21.841,63320.0,48883.0,14437.0,20.8,2205.923,1.4,0.567,Asia & Oceania,0.06943657270293113
ZAF,Africa,South Africa,2021-08-17,553.0,77993.0,51.85,60041996.0,46.754,9557542.0,7486036.0,4197442.0,27.3,12294.876,2.32,0.709,Africa,0.12467999897938103
KOR,Asia,South Korea,2021-08-17,5.0,2178.0,50.93,51305184.0,527.967,33325104.0,23893079.0,10591437.0,43.4,35938.374,12.27,0.916,Asia & Oceania,0.46570496657803623
ESP,Europe,Spain,2021-08-17,144.0,82739.0,47.69,46745211.0,93.105,62193144.0,35072910.0,30261332.0,45.5,34272.36,2.97,0.904,Europe,0.7502995333575454
LKA,Asia,Sri Lanka,2021-08-17,171.0,6434.0,79.63,21497306.0,341.955,16781405.0,11534750.0,3775976.0,34.1,11669.077,3.6,0.782,Asia & Oceania,0.5365672331221409
SDN,Africa,Sudan,2021-08-17,0.0,2816.0,13.89,44909351.0,23.258,827961.0,641154.0,182727.0,19.7,4466.507,0.8,0.51,Africa,0.01427662581897476
SUR,South America,Suriname,2021-08-17,4.0,689.0,83.33,591798.0,3.612,283289.0,194054.0,89235.0,29.6,13767.119,3.1,0.738,America,0.3279058056972142
SWE,Europe,Sweden,2021-08-17,1.0,14659.0,37.04,10160159.0,24.718,11646003.0,6694775.0,4951228.0,41.0,46949.283,2.22,0.945,Europe,0.6589242353392304
CHE,Europe,Switzerland,2021-08-17,2.0,10819.0,40.74,8715494.0,214.243,9379138.0,4857799.0,4562231.0,43.1,57410.166,4.53,0.955,Europe,0.5573750610120322
TJK,Asia,Tajikistan,2021-08-17,0.0,125.0,35.19,9749625.0,64.281,1967958.0,1755958.0,212000.0,23.3,2896.913,4.8,0.668,Asia & Oceania,0.18010518353269997
TZA,Africa,Tanzania,2021-08-17,0.0,50.0,11.11,61498438.0,64.699,218621.0,218621.0,218621.0,17.7,2683.304,0.7,0.529,Africa,0.003554903296893492
THA,Asia,Thailand,2021-08-17,239.0,7973.0,72.22,69950844.0,135.132,24618749.0,18726405.0,5381676.0,40.1,16277.671,2.1,0.777,Asia & Oceania,0.26770806367968913
TLS,Asia,Timor,2021-08-17,5.0,38.0,69.91,1343875.0,87.176,491569.0,348548.0,143021.0,18.0,6570.102,5.9,0.606,Asia & Oceania,0.2593604315877593
TGO,Africa,Togo,2021-08-17,5.0,170.0,50.93,8478242.0,143.366,474776.0,321139.0,153637.0,19.4,1429.813,0.7,0.515,Africa,0.037878017636203354
TON,Oceania,Tonga,2021-08-17,0.0,0.0,43.52,106759.0,150.028,47553.0,28841.0,18712.0,22.3,5425.621,2.6,0.725,Asia & Oceania,0.27015052595097366
TTO,North America,Trinidad and Tobago,2021-08-17,8.0,1196.0,83.33,1403374.0,266.886,787728.0,457991.0,329737.0,36.2,28763.071,3.0,0.796,America,0.3263499252515723
TUN,Africa,Tunisia,2021-08-17,120.0,22025.0,79.63,11935764.0,74.228,4737282.0,3427863.0,1599314.0,32.7,10849.297,2.3,0.74,Africa,0.2871925919446799
TUR,Asia,Turkey,2021-08-17,183.0,53507.0,32.41,85042736.0,104.914,85004270.0,44522947.0,33557585.0,31.6,25129.341,2.81,0.82,Asia & Oceania,0.5235361548104474
TKM,Asia,Turkmenistan,2021-08-17,0.0,0.0,62.5,6117933.0,12.253,51746.0,32240.0,19506.0,26.9,16389.023,7.4,0.715,Asia & Oceania,0.005269753689685716
UGA,Africa,Uganda,2021-08-17,12.0,2905.0,81.48,47123533.0,213.759,1152874.0,537440.0,4129.0,16.4,1697.707,0.5,0.544,Africa,0.011404917368992686
UKR,Europe,Ukraine,2021-08-17,47.0,56237.0,50.93,43466822.0,77.39,7702997.0,4851539.0,2865455.0,41.4,7894.393,8.8,0.779,Europe,0.11161476217423946
ARE,Asia,United Arab Emirates,2021-08-17,3.0,2006.0,66.2,9991083.0,112.442,17454250.0,8189097.0,7239637.0,34.0,67293.483,1.2,0.89,Asia & Oceania,0.8196405734993895
GBR,Europe,United Kingdom,2021-08-17,170.0,131466.0,43.98,68207114.0,272.898,88401088.0,47413242.0,40987846.0,40.8,39753.244,2.54,0.932,Europe,0.6951363167191035
USA,North America,United States,2021-08-17,1027.0,623390.0,56.02,332915074.0,35.608,365045116.0,201363315.0,171351423.0,38.3,54225.446,2.77,0.926,America,0.6048488960881356
URY,South America,Uruguay,2021-08-17,3.0,6007.0,55.56,3485152.0,19.751,5124292.0,2630061.0,2418366.0,35.6,20551.409,2.8,0.817,America,0.7546474300116609
UZB,Asia,Uzbekistan,2021-08-17,6.0,987.0,63.89,33935765.0,76.134,12390770.0,8728529.0,1232807.0,28.2,6253.104,4.0,0.72,Asia & Oceania,0.257207373990243
VEN,South America,Venezuela,2021-08-17,0.0,3815.0,80.56,28704947.0,36.253,4678086.0,2900000.0,1100000.0,29.0,16745.022,0.8,0.711,America,0.10102788205809961
VNM,Asia,Vietnam,2021-08-17,331.0,6472.0,72.69,98168829.0,308.127,15518869.0,14032444.0,1486425.0,32.6,6171.884,2.6,0.704,Asia & Oceania,0.14294195156387166
YEM,Asia,Yemen,2021-08-17,2.0,1407.0,37.96,30490639.0,53.508,311483.0,298161.0,13322.0,20.3,1479.147,0.7,0.47,Asia & Oceania,0.009778771773198981
ZMB,Africa,Zambia,2021-08-17,12.0,3550.0,43.52,18920657.0,22.995,527205.0,308123.0,219082.0,17.7,3689.251,2.0,0.584,Africa,0.016285005325132208
ZWE,Africa,Zimbabwe,2021-08-17,47.0,4156.0,73.15,15092171.0,42.729,3450959.0,2145237.0,1305722.0,19.6,1899.775,1.7,0.571,Africa,0.1421423730224101
